Date,Time,Vmin,Vmax,Vout,Iout,%Wout,Freq,%Cap,Vbat,TupsC,%VAout,T1ambC
08/13/2026,23:57:46,240.4,241.9,0,0,0,50,100,27.27,36.9,0,33
08/13/2026,23:54:46,240.4,241.9,0,0,0,50,100,27.27,36.9,0,33
08/13/2026,23:51:46,240.4,240.4,0,0,0,50,100,27.27,36.9,0,33
08/13/2026,23:48:46,240.4,240.4,0,0,0,50,100,27.27,36.9,0,33
08/13/2026,23:45:46,239,240.4,0,0,0,50,100,27.27,36.9,0,33
08/13/2026,23:42:46,239,240.4,0,0,0,50,100,27.27,36.9,0,33
08/13/2026,23:39:46,239,240.4,0,0,0,50,100,27.27,36.9,0,33
08/13/2026,23:36:46,239,240.4,0,0,0,50,100,27.27,36.9,0,33
08/13/2026,23:33:46,239,240.4,0,0,0,50,100,27.27,36.9,0,33
08/13/2026,23:30:46,239,240.4,0,0,0,50,100,27.27,36.9,0,33
08/13/2026,23:27:46,239,240.4,0,0,0,50,100,27.27,36.9,0,33
08/13/2026,23:24:46,239,240.4,0,0,0,50,100,27.27,36.9,0,33
08/13/2026,23:21:46,237.6,239,0,0,0,50,100,27.27,36.9,0,33
08/13/2026,23:18:46,237.6,239,0,0,0,50,100,27.27,36.9,0,33
08/13/2026,23:15:46,237.6,239,0,0,0,50,100,27.27,36.9,0,33
08/13/2026,23:12:46,237.6,239,0,0,0,50,100,27.27,36.9,0,33
08/13/2026,23:09:46,237.6,239,0,0,0,50,100,27.27,36.9,0,33
08/13/2026,23:06:46,239,240.4,0,0,0,50,100,27.27,36.9,0,33
08/13/2026,23:03:46,237.6,240.4,0,0,0,50,100,27.27,36.9,0,33
08/13/2026,23:00:46,239,240.4,0,0,0,50,100,27.27,36.9,0,33
08/13/2026,22:57:46,239,240.4,0,0,0,50,100,27.27,36.9,0,33
08/13/2026,22:54:46,240.4,240.4,0,0,0,50,100,27.27,36.9,0,33
08/13/2026,22:51:46,239,240.4,0,0,0,50,100,27.27,36.9,0,33
08/13/2026,22:48:46,239,240.4,0,0,0,50,100,27.27,36.9,0,33
08/13/2026,22:45:46,239,240.4,0,0,0,50,100,27.27,36.9,0,33
08/13/2026,22:42:46,237.6,240.4,0,0,0,50,100,27.27,36.9,0,33
08/13/2026,22:39:46,239,240.4,0,0,0,50,100,27.27,36.9,0,33
08/13/2026,22:36:46,237.6,240.4,0,0,0,50,100,27.27,36.9,0,33
08/13/2026,22:33:46,237.6,240.4,0,0,0,50,100,27.27,36.9,0,33
08/13/2026,22:30:46,237.6,240.4,0,0,0,50,100,27.27,36.9,0,33
08/13/2026,22:27:46,237.6,239,0,0,0,50,100,27.27,36.9,0,33
08/13/2026,22:24:46,237.6,239,0,0,0,50,100,27.27,36.9,0,33
08/13/2026,22:21:46,237.6,240.4,0,0,0,50,100,27.27,36.9,0,33
08/13/2026,22:18:46,237.6,239,0,0,0,50,100,27.27,36.9,0,33
08/13/2026,22:15:46,237.6,239,0,0,0,50,100,27.27,36.9,0,33
08/13/2026,22:12:46,236.1,237.6,0,0,0,50,100,27.27,36.9,0,33
08/13/2026,22:09:46,236.1,239,0,0,0,50,100,27.27,36.9,0,33
08/13/2026,22:06:46,237.6,239,0,0,0,50,100,27.27,36.9,0,33
08/13/2026,22:03:46,239,240.4,0,0,0,50,100,27.27,36.9,0,33
08/13/2026,22:00:46,239,240.4,0,0,0,50,100,27.27,36.9,0,33
08/13/2026,21:57:46,239,240.4,0,0,0,50,100,27.27,36.9,0,33
08/13/2026,21:54:46,239,240.4,0,0,0,50,100,27.27,36.9,0,33
08/13/2026,21:51:46,239,240.4,0,0,0,50,100,27.27,36.9,0,33
08/13/2026,21:48:45,239,240.4,0,0,0,50,100,27.27,36.9,0,33
08/13/2026,21:45:45,239,240.4,0,0,0,50,100,27.27,36.9,0,33
08/13/2026,21:42:45,239,240.4,0,0,0,50,100,27.27,36.9,0,33
08/13/2026,21:39:45,239,240.4,0,0,0,50,100,27.27,36.9,0,33
08/13/2026,21:36:45,239,240.4,0,0,0,50,100,27.27,36.9,0,33
08/13/2026,21:33:45,240.4,240.4,0,0,0,50,100,27.27,36.9,0,33
08/13/2026,21:30:45,240.4,240.4,0,0,0,50,100,27.27,36.9,0,33
08/13/2026,21:27:45,240.4,240.4,0,0,0,50,100,27.27,36.9,0,33
08/13/2026,21:24:45,240.4,240.4,0,0,0,50,100,27.27,36.9,0,33
08/13/2026,21:21:45,240.4,240.4,0,0,0,50,100,27.27,36.9,0,33
08/13/2026,21:18:45,240.4,241.9,0,0,0,50,100,27.27,36.9,0,33
08/13/2026,21:15:45,240.4,240.4,0,0,0,50,100,27.27,36.9,0,33
08/13/2026,21:12:45,239,240.4,0,0,0,50,100,27.27,36.9,0,33
08/13/2026,21:09:45,239,240.4,0,0,0,50,100,27.27,36.9,0,33
08/13/2026,21:06:45,239,240.4,0,0,0,50,100,27.27,36.9,0,33
08/13/2026,21:03:45,239,240.4,0,0,0,50,100,27.27,36.9,0,33
08/13/2026,21:00:45,239,240.4,0,0,0,50,100,27.13,37.3,0,33
08/13/2026,20:57:45,240.4,240.4,0,0,0,50,100,27.13,37.3,0,33
08/13/2026,20:54:45,239,240.4,0,0,0,50,100,27.13,37.3,0,33
08/13/2026,20:51:45,237.6,240.4,0,0,0,50,100,27.13,37.3,0,33
08/13/2026,20:48:45,237.6,240.4,0,0,0,50,100,27.13,37.3,0,33
08/13/2026,20:45:45,239,240.4,0,0,0,50,100,27.13,37.3,0,33
08/13/2026,20:42:45,239,240.4,0,0,0,50,100,27.13,37.3,0,33
08/13/2026,20:39:45,239,240.4,0,0,0,50,100,27.13,37.3,0,33
08/13/2026,20:36:45,239,240.4,0,0,0,50,100,27.13,37.3,0,33
08/13/2026,20:33:45,239,240.4,0,0,0,50,100,27.13,37.3,0,33
08/13/2026,20:30:45,240.4,240.4,0,0,0,50,100,27.13,37.3,0,33
08/13/2026,20:27:45,240.4,240.4,0,0,0,50,100,27.13,37.3,0,33
08/13/2026,20:24:45,240.4,240.4,0,0,0,50,100,27.13,37.3,0,33
08/13/2026,20:21:45,240.4,240.4,0,0,0,50,100,27.13,37.3,0,33
08/13/2026,20:18:45,240.4,240.4,0,0,0,50,100,27.13,37.3,0,33
08/13/2026,20:15:45,240.4,241.9,0,0,0,50,100,27.13,37.3,0,33
08/13/2026,20:12:45,240.4,241.9,0,0,0,50,100,27.13,37.3,0,33
08/13/2026,20:09:45,240.4,243.3,0,0,0,50,100,27.13,37.3,0,33
08/13/2026,20:06:45,240.4,243.3,0,0,0,50,100,27.13,37.3,0,33
08/13/2026,20:03:45,240.4,241.9,0,0,0,50,100,27.13,37.3,0,33
08/13/2026,20:00:45,240.4,241.9,0,0,0,50,100,27.13,37.3,0,33
08/13/2026,19:57:45,240.4,241.9,0,0,0,50,100,27.13,37.3,0,33
08/13/2026,19:54:45,239,240.4,0,0,0,50,100,27.13,37.3,0,33
08/13/2026,19:51:45,239,240.4,0,0,0,50,100,27.13,37.3,0,33
08/13/2026,19:48:45,236.1,240.4,0,0,0,50,100,27.13,37.3,0,33
08/13/2026,19:45:45,237.6,240.4,0,0,0,50,100,27.13,37.3,0,33
08/13/2026,19:42:45,237.6,240.4,0,0,0,50,100,27.13,37.3,0,33
08/13/2026,19:39:45,237.6,240.4,0,0,0,50,100,27.13,37.3,0,33
08/13/2026,19:36:45,237.6,239,0,0,0,50,100,27.13,37.3,0,33
08/13/2026,19:33:45,236.1,239,0,0,0,50,100,27.13,37.3,0,33
08/13/2026,19:30:45,236.1,239,0,0,0,50,100,27.13,37.3,0,33
08/13/2026,19:27:45,234.7,239,0,0,0,50,100,27.13,37.8,0,33
08/13/2026,19:24:45,236.1,239,0,0,0,50,100,27.13,37.8,0,33
08/13/2026,19:21:45,236.1,240.4,0,0,0,50,100,27.13,37.8,0,33
08/13/2026,19:18:45,237.6,240.4,0,0,0,50,100,27.13,37.8,0,33
08/13/2026,19:15:45,237.6,239,0,0,0,50,100,27.13,37.8,0,33
08/13/2026,19:12:45,237.6,240.4,0,0,0,50,100,27.13,37.8,0,33
08/13/2026,19:09:45,239,240.4,0,0,0,50,100,27.13,37.8,0,33
08/13/2026,19:06:45,240.4,241.9,0,0,0,50,100,27.13,37.8,0,33
08/13/2026,19:03:45,240.4,241.9,0,0,0,50,100,27.13,37.8,0,33
08/13/2026,19:00:45,240.4,241.9,0,0,0,50,100,27.13,37.8,0,33
08/13/2026,18:57:45,240.4,241.9,0,0,0,50,100,27.13,37.8,0,33
08/13/2026,18:54:45,240.4,243.3,0,0,0,50,100,27.13,37.8,0,33
08/13/2026,18:51:45,240.4,243.3,0,0,0,50,100,27.13,37.8,0,33
08/13/2026,18:48:45,240.4,241.9,0,0,0,50,100,27.13,37.8,0,33
08/13/2026,18:45:45,239,240.4,0,0,0,50,100,27.13,37.8,0,33
08/13/2026,18:42:44,240.4,240.4,0,0,0,50,100,27.13,37.8,0,33
08/13/2026,18:39:44,240.4,240.4,0,0,0,50,100,27.13,37.8,0,33
08/13/2026,18:36:44,240.4,241.9,0,0,0,50,100,27.13,37.8,0,33
08/13/2026,18:33:44,240.4,240.4,0,0,0,50,100,27.13,37.8,0,33
08/13/2026,18:30:44,240.4,240.4,0,0,0,50,100,27.13,37.8,0,33
08/13/2026,18:27:44,239,240.4,0,0,0,50,100,27.13,37.8,0,33
08/13/2026,18:24:44,240.4,240.4,0,0,0,50,100,27.13,37.8,0,33
08/13/2026,18:21:44,240.4,240.4,0,0,0,50,100,27.13,37.8,0,33
08/13/2026,18:18:44,240.4,241.9,0,0,0,50,100,27.13,37.8,0,33
08/13/2026,18:15:44,240.4,241.9,0,0,0,50,100,27.13,37.8,0,33
08/13/2026,18:12:44,240.4,240.4,0,0,0,50,100,27.13,38.2,0,33
08/13/2026,18:09:44,240.4,240.4,0,0,0,50,100,27.13,38.2,0,33
08/13/2026,18:06:44,239,240.4,0,0,0,50,100,27.13,38.2,0,33
08/13/2026,18:03:44,240.4,240.4,0,0,0,50.25,100,27.13,38.2,0,33
08/13/2026,18:00:44,240.4,240.4,0,0,0,50,100,27.13,38.2,0,33
08/13/2026,17:57:44,240.4,240.4,0,0,0,50,100,27.13,38.2,0,33
08/13/2026,17:54:44,237.6,240.4,0,0,0,50,100,27.13,38.2,0,33
08/13/2026,17:51:44,239,240.4,0,0,0,50,100,27.13,38.2,0,33
08/13/2026,17:48:44,237.6,240.4,0,0,0,50,100,27.13,38.2,0,33
08/13/2026,17:45:44,239,240.4,0,0,0,50,100,27.13,38.2,0,33
08/13/2026,17:42:44,237.6,240.4,0,0,0,50,100,27.13,38.2,0,33
08/13/2026,17:39:44,237.6,240.4,0,0,0,50,100,27.13,38.2,0,33
08/13/2026,17:36:44,239,240.4,0,0,0,50,100,27.13,38.7,0,33
08/13/2026,17:33:44,239,240.4,0,0,0,50,100,27.13,38.7,0,33
08/13/2026,17:30:44,237.6,240.4,0,0,0,50,100,27,38.7,0,33
08/13/2026,17:27:44,237.6,240.4,0,0,0,50,100,27.13,38.7,0,33
08/13/2026,17:24:44,237.6,239,0,0,0,50,100,27.13,38.7,0,33
08/13/2026,17:21:44,237.6,240.4,0,0,0,50,100,27.13,38.7,0,33
08/13/2026,17:18:44,239,240.4,0,0,0,50,100,27.13,38.7,0,33
08/13/2026,17:13:41,237.6,240.4,0,0,0,50,99,27.13,38.2,0,32
08/13/2026,17:10:41,237.6,240.4,0,0,0,50,98,27.13,38.2,0,32
08/13/2026,17:07:41,237.6,239,0,0,0,50,95,27.13,37.8,0,31
08/13/2026,17:04:40,237.6,240.4,237.6,0.1,3.9,50,93,27.13,37.8,3.9,30
08/13/2026,17:01:40,237.6,240.4,239,0.13,3.9,50.25,91,27.13,38.2,3.9,31
08/13/2026,16:58:40,236.1,239,239,0.1,3.9,50,89,27.13,38.2,3.9,30
08/13/2026,16:55:40,237.6,239,237.6,0.1,3.9,50,86,27.13,38.2,3.9,30
08/13/2026,16:52:40,237.6,239,239,0.1,3.9,50,85,27.13,38.2,3.9,30
08/13/2026,16:49:40,237.6,239,239,0.1,3.9,50,83,27.13,38.2,3.9,30
08/13/2026,16:46:40,237.6,239,239,0.1,6.5,50,80,27.13,38.2,3.9,30
08/13/2026,16:43:40,236.1,239,237.6,0.1,3.9,50,78,27.13,38.2,3.9,30
08/13/2026,16:40:40,236.1,239,239,0.1,3.9,50,76,27.13,38.2,3.9,30
08/13/2026,16:37:40,237.6,239,236.1,0.1,3.9,50,74,27,37.8,3.9,30
08/13/2026,16:34:40,236.1,239,237.6,0.1,3.9,50,72,27,37.8,3.9,29
08/13/2026,16:31:40,237.6,239,239,0.1,3.9,50.25,70,26.86,37.8,3.9,29
08/13/2026,16:28:40,237.6,239,237.6,0.15,3.9,50.25,68,26.86,37.8,3.9,30
08/13/2026,16:25:40,236.1,239,237.6,0.1,3.9,50,65,26.86,38.2,3.9,30
08/13/2026,16:22:40,237.6,240.4,239,0.1,3.9,50.25,64,26.73,38.2,3.9,30
08/13/2026,16:19:40,237.6,240.4,237.6,0.1,3.9,50.25,62,26.73,38.2,3.9,30
08/13/2026,16:16:40,237.6,240.4,239,0.1,3.9,50.25,59,26.73,38.7,3.9,31
08/13/2026,16:13:40,237.6,240.4,237.6,0.1,3.9,50.25,57,26.59,38.7,3.9,31
08/13/2026,16:10:40,239,240.4,240.4,0.1,3.9,50.25,55,26.59,38.7,3.9,31
08/13/2026,16:07:40,239,240.4,239,0.1,3.9,50.25,53,26.59,38.7,3.9,31
08/13/2026,16:04:40,239,240.4,240.4,0.1,3.9,50.25,51,26.46,38.2,3.9,31
08/13/2026,16:01:40,237.6,240.4,239,0.1,3.9,50.25,49,26.32,38.2,3.9,31
08/13/2026,15:58:40,237.6,240.4,239,0.1,3.9,50,47,26.32,38.2,3.9,32
08/13/2026,15:55:40,237.6,239,239,0.1,3.9,50,44,26.32,37.8,3.9,31
08/13/2026,15:52:40,237.6,239,239,0.1,3.9,50,42,26.19,37.8,3.9,31
08/13/2026,15:49:40,236.1,239,237.6,0.1,3.9,50.25,41,26.19,36.9,3.9,31
08/13/2026,15:46:40,236.1,237.6,236.1,0.1,3.9,50.25,38,26.05,36.4,3.9,31
08/13/2026,15:43:40,236.1,237.6,237.6,0.1,3.9,50,36,26.05,36,3.9,31
08/13/2026,15:40:40,234.7,239,237.6,0.1,3.9,50,34,26.05,35.5,3.9,31
08/13/2026,15:37:40,234.7,237.6,239,0.1,3.9,50,32,26.05,35.1,3.9,30
08/13/2026,15:34:40,0,239,237.6,0.1,3.9,50,30,26.19,34.6,3.9,30
08/13/2026,15:31:40,0,0,220.4,0.12,4.5,50,30,23.89,34.6,4.5,30
08/13/2026,15:28:40,0,0,220.4,0.12,4.5,50,30,23.89,34.6,4.5,30
08/13/2026,15:25:40,0,0,220.4,0.12,4.5,50,31,23.89,34.6,4.5,30
08/13/2026,15:22:40,0,0,220.4,0.12,4.5,50,33,24.03,34.2,4.5,30
08/13/2026,15:19:40,0,0,220.4,0.12,4.5,50,33,24.03,34.2,4.5,30
08/13/2026,15:16:40,0,0,220.4,0.12,5.2,50,34,24.03,34.2,4.5,30
08/13/2026,15:13:40,0,0,220.4,0.12,4.5,50,35,24.03,34.2,4.5,30
08/13/2026,15:10:40,0,0,220.4,0.12,4.5,50,37,24.16,34.2,4.5,30
08/13/2026,15:07:40,0,0,220.4,0.12,4.5,50,38,24.16,34.2,4.5,30
08/13/2026,15:04:40,0,0,220.4,0.12,4.5,50,38,24.16,34.2,4.5,29
08/13/2026,15:01:40,0,0,220.4,0.12,4.5,50,37,24.16,33.7,4.5,29
08/13/2026,14:58:40,0,0,220.4,0.12,4.5,50,39,24.16,33.7,4.5,29
08/13/2026,14:55:40,0,0,220.4,0.12,4.5,50,42,24.3,33.7,4.5,29
08/13/2026,14:52:40,0,0,220.4,0.12,4.5,50,43,24.3,33.7,4.5,29
08/13/2026,14:49:40,0,0,220.4,0.12,4.5,50,43,24.3,33.7,4.5,29
08/13/2026,14:46:40,0,0,220.4,0.12,4.5,50,46,24.43,33.7,4.5,29
08/13/2026,14:43:40,0,0,220.4,0.12,4.5,50,46,24.43,34.2,4.5,29
08/13/2026,14:40:40,0,0,220.4,0.12,4.5,50,47,24.43,34.2,4.5,29
08/13/2026,14:37:40,0,0,220.4,0.12,4.5,50,48,24.43,34.2,4.5,29
08/13/2026,14:34:40,0,0,220.4,0.12,4.5,50,49,24.43,33.7,4.5,29
08/13/2026,14:31:40,0,0,220.4,0.12,4.5,50,49,24.43,33.7,4.5,29
08/13/2026,14:28:40,0,0,220.4,0.12,4.5,50,50,24.43,33.7,4.5,29
08/13/2026,14:25:40,0,0,220.4,0.12,4.5,50,53,24.57,33.7,4.5,29
08/13/2026,14:22:40,0,0,220.4,0.12,4.5,50,54,24.57,33.7,4.5,29
08/13/2026,14:19:40,0,0,220.4,0.12,4.5,50,55,24.57,33.3,4.5,29
08/13/2026,14:16:40,0,0,220.4,0.12,4.5,50,56,24.57,33.3,4.5,29
08/13/2026,14:13:40,0,0,220.4,0.12,4.5,50,56,24.7,33.3,4.5,28
08/13/2026,14:10:40,0,0,220.4,0.12,4.5,50,59,24.7,32.8,4.5,28
08/13/2026,14:07:40,0,0,220.4,0.27,9.7,50,58,24.7,32.8,9.7,27
08/13/2026,14:04:40,0,0,220.4,0.27,9.7,50,59,24.43,32.8,9.7,27
08/13/2026,14:01:40,0,0,220.4,0.27,9.7,50,63,24.57,32.8,9.7,27
08/13/2026,13:58:40,0,0,220.4,0.27,9.7,50,64,24.57,32.8,9.7,27
08/13/2026,13:55:40,0,0,220.4,0.21,8.4,50,67,24.7,32.4,7.8,27
08/13/2026,13:52:39,0,0,220.4,0.27,9.7,50,70,24.84,32.4,9.7,27
08/13/2026,13:49:39,0,0,220.4,0.23,8.4,50,72,24.84,32.8,8.4,27
08/13/2026,13:46:39,0,0,220.4,0.27,8.4,50,75,24.97,32.8,9.7,27
08/13/2026,13:43:39,0,0,220.4,0.27,10.4,50,77,24.97,32.8,9.7,27
08/13/2026,13:40:39,0,0,220.4,0.27,9.7,50,80,25.11,32.8,9.7,27
08/13/2026,13:37:39,0,0,220.4,0.23,8.4,50,82,25.11,32.8,8.4,28
08/13/2026,13:34:39,0,0,220.4,0.27,8.4,50,83,25.11,32.8,9.7,28
08/13/2026,13:31:39,0,0,220.4,0.23,9.7,50,86,25.24,32.4,9.7,28
08/13/2026,13:28:39,0,0,220.4,0.21,8.4,50,88,25.24,32.4,8.4,28
08/13/2026,13:25:39,0,0,220.4,0.27,9.7,50,90,25.24,32.4,9.7,28
08/13/2026,13:22:39,0,0,220.4,0.27,9.7,50,92,25.24,32.4,9.7,28
08/13/2026,13:19:39,0,0,220.4,0.27,9.7,50,94,25.24,31.9,9.7,28
08/13/2026,13:16:39,0,234.7,220.4,0.27,9.7,50,93,25.11,31.9,9.7,28
08/13/2026,13:13:39,231.8,233.2,233.2,0.26,9.7,50,100,27.4,31.5,9.7,27
08/13/2026,13:10:39,231.8,233.2,231.8,0.25,9.7,50,100,27.4,31.5,9.7,28
08/13/2026,13:07:39,230.4,234.7,231.8,0.26,9.7,50.25,100,27.4,31.5,9.7,27
08/13/2026,13:04:39,233.2,234.7,234.7,0.26,9.7,50.25,100,27.4,31.5,10.4,27
08/13/2026,13:01:39,231.8,234.7,234.7,0.25,9.7,50.25,100,27.4,31.5,9.7,27
08/13/2026,12:58:39,230.4,233.2,231.8,0.26,9.7,50.25,100,27.4,31.5,9.7,27
08/13/2026,12:55:39,230.4,231.8,231.8,0.26,9.7,50.25,100,27.4,31.5,9.7,27
08/13/2026,12:52:39,230.4,231.8,230.4,0.26,9.7,50,100,27.4,31.9,9.7,27
08/13/2026,12:49:39,230.4,231.8,230.4,0.26,9.7,50,100,27.4,31.9,9.7,28
08/13/2026,12:46:39,230.4,233.2,231.8,0.26,9.7,50,100,27.4,31.9,9.7,28
08/13/2026,12:43:39,230.4,231.8,231.8,0.28,12.3,50,100,27.4,31.9,9.7,28
08/13/2026,12:40:39,230.4,231.8,230.4,0.26,9.7,50,100,27.4,31.9,9.7,28
08/13/2026,12:37:39,230.4,231.8,231.8,0.26,11,50.25,100,27.4,31.9,9.7,28
08/13/2026,12:34:39,230.4,231.8,231.8,0.43,13.6,50.25,100,27.4,32.4,11.7,28
08/13/2026,12:31:39,230.4,233.2,231.8,0.28,10.4,50.25,100,27.4,32.4,10.4,28
08/13/2026,12:28:39,230.4,231.8,231.8,0.29,11,50,100,27.27,32.4,11,29
08/13/2026,12:25:39,230.4,233.2,0,0,0,50.25,100,27.4,32.4,0,29
08/13/2026,12:22:39,230.4,231.8,0,0,0,50.25,100,27.4,32.4,0,29
08/13/2026,12:19:39,230.4,233.2,0,0,0,50,100,27.4,32.4,0,29
08/13/2026,12:16:39,230.4,231.8,0,0,0,50,100,27.4,32.4,0,29
08/13/2026,12:13:39,230.4,231.8,0,0,0,50,100,27.4,32.4,0,29
08/13/2026,12:10:39,230.4,231.8,0,0,0,50,100,27.4,32.4,0,29
08/13/2026,12:07:39,230.4,231.8,0,0,0,50,100,27.4,32.4,0,29
08/13/2026,12:04:39,230.4,231.8,0,0,0,50,100,27.4,32.4,0,29
08/13/2026,12:01:39,230.4,231.8,0,0,0,50.25,100,27.4,32.4,0,29
08/13/2026,11:58:39,230.4,231.8,0,0,0,50,100,27.4,32.4,0,29
08/13/2026,11:55:39,230.4,231.8,0,0,0,50,100,27.4,32.4,0,29
08/13/2026,11:52:39,230.4,231.8,0,0,0,50,100,27.4,32.8,0,29
08/13/2026,11:49:39,230.4,231.8,0,0,0,50,100,27.4,32.4,0,29
08/13/2026,11:46:39,230.4,231.8,0,0,0,50,100,27.4,32.8,0,29
08/13/2026,11:43:39,230.4,231.8,0,0,0,50,100,27.4,32.8,0,29
08/13/2026,11:40:39,230.4,233.2,0,0,0,50,100,27.4,32.4,0,29
08/13/2026,11:37:39,230.4,233.2,0,0,0,50,100,27.4,32.4,0,29
08/13/2026,11:34:39,230.4,233.2,0,0,0,50,100,27.4,32.8,0,29
08/13/2026,11:31:39,230.4,233.2,0,0,0,50,100,27.4,32.8,0,29
08/13/2026,11:28:39,230.4,233.2,0,0,0,50,100,27.4,32.8,0,29
08/13/2026,11:25:39,230.4,233.2,0,0,0,50,100,27.4,32.8,0,29
08/13/2026,11:22:39,230.4,233.2,0,0,0,50,100,27.4,32.8,0,29
08/13/2026,11:19:39,230.4,234.7,0,0,0,50,100,27.4,32.8,0,29
08/13/2026,11:16:39,230.4,233.2,0,0,0,50,100,27.4,32.8,0,29
08/13/2026,11:13:39,230.4,234.7,0,0,0,50,100,27.4,33.3,0,30
08/13/2026,11:10:39,231.8,234.7,0,0,0,50,100,27.4,33.3,0,30
08/13/2026,11:07:39,231.8,233.2,0,0,0,50,100,27.4,33.3,0,30
08/13/2026,11:04:39,231.8,233.2,0,0,0,50,100,27.4,33.3,0,30
08/13/2026,11:01:39,230.4,233.2,0,0,0,50,100,27.4,33.3,0,30
08/13/2026,10:58:39,230.4,233.2,0,0,0,50,100,27.4,33.3,0,30
08/13/2026,10:55:38,230.4,233.2,0,0,0,50,100,27.4,33.3,0,30
08/13/2026,10:52:38,230.4,233.2,0,0,0,50,100,27.4,33.3,0,30
08/13/2026,10:49:38,230.4,231.8,0,0,0,50,100,27.4,33.3,0,30
08/13/2026,10:46:38,230.4,233.2,0,0,0,50,100,27.4,33.3,0,30
08/13/2026,10:43:38,230.4,233.2,0,0,0,50,100,27.4,33.3,0,30
08/13/2026,10:40:38,230.4,233.2,0,0,0,50,100,27.4,33.3,0,30
08/13/2026,10:37:38,230.4,233.2,0,0,0,50,100,27.4,33.3,0,30
08/13/2026,10:34:38,230.4,233.2,0,0,0,50,100,27.4,33.3,0,30
08/13/2026,10:31:38,230.4,234.7,0,0,0,50,100,27.4,33.3,0,30
08/13/2026,10:28:38,230.4,233.2,0,0,0,50,100,27.4,33.3,0,30
08/13/2026,10:25:38,230.4,233.2,0,0,0,50,100,27.4,33.3,0,30
08/13/2026,10:22:38,231.8,234.7,0,0,0,50,100,27.4,33.3,0,30
08/13/2026,10:19:38,231.8,234.7,0,0,0,50,100,27.4,33.3,0,29
08/13/2026,10:16:38,233.2,234.7,0,0,0,50,100,27.27,33.7,0,29
08/13/2026,10:13:38,233.2,236.1,0,0,0,50,100,27.27,33.7,0,30
08/13/2026,10:10:38,233.2,236.1,0,0,0,50,100,27.27,33.7,0,30
08/13/2026,10:07:38,233.2,234.7,0,0,0,50,100,27.27,34.2,0,30
08/13/2026,10:04:38,231.8,234.7,0,0,0,50,100,27.27,34.2,0,30
08/13/2026,10:01:38,233.2,234.7,0,0,0,50,100,27.27,34.2,0,30
08/13/2026,09:58:38,231.8,234.7,0,0,0,50,100,27.27,34.2,0,30
08/13/2026,09:55:38,230.4,233.2,0,0,0,50,100,27.27,34.2,0,30
08/13/2026,09:52:38,230.4,234.7,0,0,0,50,100,27.27,34.2,0,30
08/13/2026,09:49:38,230.4,233.2,0,0,0,50,100,27.27,34.2,0,30
08/13/2026,09:46:38,231.8,233.2,0,0,0,50,100,27.27,34.2,0,30
08/13/2026,09:43:38,231.8,234.7,0,0,0,50,100,27.27,34.6,0,30
08/13/2026,09:40:38,230.4,234.7,0,0,0,50,100,27.27,34.6,0,31
08/13/2026,09:37:38,230.4,233.2,0,0,0,50,100,27.27,34.6,0,31
08/13/2026,09:34:38,231.8,234.7,0,0,0,50,100,27.27,34.6,0,31
08/13/2026,09:31:38,233.2,234.7,0,0,0,50,100,27.27,34.6,0,31
08/13/2026,09:28:38,231.8,234.7,0,0,0,50,100,27.27,35.1,0,31
08/13/2026,09:25:38,231.8,234.7,0,0,0,50,100,27.27,35.1,0,31
08/13/2026,09:22:38,233.2,234.7,0,0,0,50,100,27.27,35.1,0,31
08/13/2026,09:19:38,230.4,234.7,0,0,0,50,100,27.27,35.1,0,32
08/13/2026,09:16:38,230.4,231.8,0,0,0,50,100,27.27,35.1,0,31
08/13/2026,09:13:38,230.4,233.2,0,0,0,50,100,27.27,35.1,0,31
08/13/2026,09:10:38,231.8,233.2,0,0,0,50,100,27.27,35.1,0,30
08/13/2026,09:07:38,231.8,234.7,0,0,0,50,100,27.27,35.1,0,30
08/13/2026,09:04:38,233.2,236.1,0,0,0,50,100,27.27,35.1,0,30
08/13/2026,09:01:38,234.7,237.6,0,0,0,50,100,27.27,35.1,0,30
08/13/2026,08:58:38,234.7,237.6,0,0,0,50,100,27.27,35.1,0,30
08/13/2026,08:55:38,234.7,237.6,0,0,0,50,100,27.27,35.1,0,30
08/13/2026,08:52:38,234.7,237.6,0,0,0,50,100,27.27,35.1,0,30
08/13/2026,08:49:38,234.7,237.6,0,0,0,50,100,27.27,35.1,0,30
08/13/2026,08:46:38,234.7,237.6,0,0,0,50,100,27.27,35.5,0,30
08/13/2026,08:43:38,237.6,239,0,0,0,50,100,27.27,35.5,0,30
08/13/2026,08:40:38,237.6,239,0,0,0,50,100,27.27,35.5,0,30
08/13/2026,08:37:38,237.6,239,0,0,0,50,100,27.27,35.5,0,31
08/13/2026,08:34:38,237.6,239,0,0,0,50,100,27.27,36,0,31
08/13/2026,08:31:38,239,240.4,0,0,0,50,100,27.27,36,0,31
08/13/2026,08:28:38,237.6,240.4,0,0,0,50,100,27.27,36.4,0,31
08/13/2026,08:25:38,239,240.4,0,0,0,50,100,27.27,36.9,0,32
08/13/2026,08:22:38,239,240.4,0,0,0,50,100,27.13,37.3,0,32
08/13/2026,08:19:38,240.4,240.4,0,0,0,50,100,27.13,37.8,0,34
08/13/2026,08:16:38,240.4,241.9,0,0,0,50,100,27.13,37.8,0,34
08/13/2026,08:13:38,240.4,243.3,0,0,0,50,100,27.13,37.8,0,34
08/13/2026,08:10:38,240.4,243.3,0,0,0,50,100,27.13,37.8,0,34
08/13/2026,08:07:38,240.4,243.3,0,0,0,50,100,27.13,37.8,0,34
08/13/2026,08:04:38,240.4,243.3,0,0,0,50.25,100,27.13,37.8,0,34
08/13/2026,08:01:38,241.9,243.3,0,0,0,50.25,100,27.13,37.8,0,34
08/13/2026,07:58:38,241.9,243.3,0,0,0,50,100,27.13,37.8,0,34
08/13/2026,07:55:38,241.9,244.8,0,0,0,50,100,27.13,37.8,0,34
08/13/2026,07:52:37,241.9,244.8,0,0,0,50,100,27.13,37.8,0,34
08/13/2026,07:49:37,241.9,244.8,0,0,0,50,100,27.13,37.8,0,34
08/13/2026,07:46:37,241.9,244.8,0,0,0,50,100,27.13,37.8,0,34
08/13/2026,07:43:37,241.9,244.8,0,0,0,50,100,27.13,37.8,0,34
08/13/2026,07:40:37,241.9,244.8,0,0,0,50,100,27.13,37.8,0,34
08/13/2026,07:37:37,241.9,244.8,0,0,0,50,100,27.13,37.8,0,34
08/13/2026,07:34:37,241.9,243.3,0,0,0,50,100,27.13,37.8,0,34
08/13/2026,07:31:37,241.9,244.8,0,0,0,50,100,27.13,37.8,0,34
08/13/2026,07:28:37,243.3,244.8,0,0,0,50,100,27.13,37.8,0,34
08/13/2026,07:25:37,241.9,244.8,0,0,0,50,100,27.13,37.8,0,34
08/13/2026,07:22:37,241.9,243.3,0,0,0,50,100,27.13,37.8,0,34
08/13/2026,07:19:37,241.9,244.8,0,0,0,50,100,27.13,37.8,0,34
08/13/2026,07:16:37,243.3,244.8,0,0,0,50,100,27.13,37.8,0,34
08/13/2026,07:13:37,243.3,244.8,0,0,0,50,100,27.13,37.8,0,34
08/13/2026,07:10:37,243.3,244.8,0,0,0,50,100,27.13,37.8,0,34
08/13/2026,07:07:37,243.3,244.8,0,0,0,50,100,27.13,37.8,0,34
08/13/2026,07:04:37,243.3,244.8,0,0,0,50,100,27.13,37.8,0,34
08/13/2026,07:01:37,244.8,246.2,0,0,0,50,100,27.13,37.8,0,34
08/13/2026,06:58:37,243.3,246.2,0,0,0,50,100,27.13,37.8,0,34
08/13/2026,06:55:37,243.3,246.2,0,0,0,50,100,27.13,37.8,0,34
08/13/2026,06:52:37,243.3,246.2,0,0,0,50,100,27.13,37.8,0,34
08/13/2026,06:49:37,243.3,244.8,0,0,0,50,100,27.13,37.8,0,34
08/13/2026,06:46:37,243.3,244.8,0,0,0,50,100,27.13,37.8,0,34
08/13/2026,06:43:37,243.3,244.8,0,0,0,50,100,27.13,37.8,0,34
08/13/2026,06:40:37,241.9,244.8,0,0,0,50,100,27.13,37.8,0,34
08/13/2026,06:37:37,243.3,244.8,0,0,0,50,100,27.13,37.8,0,34
08/13/2026,06:34:37,243.3,244.8,0,0,0,50,100,27.13,37.8,0,34
08/13/2026,06:31:37,241.9,244.8,0,0,0,50,100,27.13,37.8,0,34
08/13/2026,06:28:37,241.9,243.3,0,0,0,50,100,27.13,37.8,0,34
08/13/2026,06:25:37,241.9,243.3,0,0,0,50,100,27.13,37.8,0,34
08/13/2026,06:22:37,243.3,243.3,0,0,0,50,100,27.13,37.8,0,34
08/13/2026,06:19:37,243.3,244.8,0,0,0,50,100,27.13,37.8,0,34
08/13/2026,06:16:37,243.3,244.8,0,0,0,50,100,27.13,37.8,0,34
08/13/2026,06:13:37,243.3,244.8,0,0,0,50,100,27.13,37.8,0,34
08/13/2026,06:10:37,243.3,244.8,0,0,0,50,100,27.13,37.8,0,34
08/13/2026,06:07:37,244.8,247.6,0,0,0,50,100,27.13,37.8,0,34
08/13/2026,06:04:37,246.2,247.6,0,0,0,50,100,27.13,37.8,0,34
08/13/2026,06:01:37,244.8,246.2,0,0,0,50,100,27.13,37.8,0,34
08/13/2026,05:58:37,244.8,244.8,0,0,0,50,100,27.13,37.8,0,34
08/13/2026,05:55:37,244.8,246.2,0,0,0,50,100,27.13,37.8,0,34
08/13/2026,05:52:37,244.8,246.2,0,0,0,50,100,27.13,37.8,0,34
08/13/2026,05:49:37,244.8,246.2,0,0,0,50,100,27.13,37.8,0,34
08/13/2026,05:46:37,244.8,246.2,0,0,0,50,100,27.13,37.8,0,34
08/13/2026,05:43:37,244.8,246.2,0,0,0,50,100,27.13,37.8,0,34
08/13/2026,05:40:37,244.8,246.2,0,0,0,50,100,27.13,37.8,0,34
08/13/2026,05:37:37,246.2,246.2,0,0,0,50,100,27.13,37.8,0,34
08/13/2026,05:34:37,246.2,246.2,0,0,0,50,100,27.13,37.8,0,34
08/13/2026,05:31:37,246.2,246.2,0,0,0,50,100,27.13,37.8,0,34
08/13/2026,05:28:37,246.2,246.2,0,0,0,50,100,27.13,37.8,0,34
08/13/2026,05:25:37,246.2,246.2,0,0,0,50,100,27.13,37.8,0,34
08/13/2026,05:22:37,246.2,246.2,0,0,0,50,100,27.13,37.8,0,34
08/13/2026,05:19:37,246.2,246.2,0,0,0,50,100,27.13,37.8,0,34
08/13/2026,05:16:37,246.2,247.6,0,0,0,50,100,27.13,37.8,0,34
08/13/2026,05:13:37,246.2,247.6,0,0,0,50,100,27.13,37.3,0,34
08/13/2026,05:10:37,246.2,247.6,0,0,0,50,100,27.13,37.3,0,34
08/13/2026,05:07:37,246.2,247.6,0,0,0,50,100,27.13,37.8,0,34
08/13/2026,05:04:37,247.6,247.6,0,0,0,50,100,27.13,37.8,0,34
08/13/2026,05:01:37,246.2,247.6,0,0,0,50,100,27.13,37.8,0,34
08/13/2026,04:58:37,246.2,247.6,0,0,0,50,100,27.13,37.8,0,34
08/13/2026,04:55:37,246.2,247.6,0,0,0,50,100,27.13,37.8,0,34
08/13/2026,04:52:37,246.2,247.6,0,0,0,50,100,27.13,37.8,0,34
08/13/2026,04:49:37,246.2,247.6,0,0,0,50,100,27.13,37.3,0,34
08/13/2026,04:46:37,246.2,247.6,0,0,0,50,100,27.13,37.3,0,34
08/13/2026,04:43:37,246.2,247.6,0,0,0,50,100,27.13,37.3,0,34
08/13/2026,04:40:36,246.2,247.6,0,0,0,50,100,27.13,37.3,0,34
08/13/2026,04:37:36,244.8,246.2,0,0,0,50,100,27.13,37.3,0,34
08/13/2026,04:34:36,246.2,247.6,0,0,0,50,100,27.13,37.3,0,34
08/13/2026,04:31:36,246.2,247.6,0,0,0,50,100,27.13,37.3,0,34
08/13/2026,04:28:36,246.2,246.2,0,0,0,50,100,27.13,37.3,0,34
08/13/2026,04:25:36,246.2,247.6,0,0,0,50,100,27.13,37.3,0,34
08/13/2026,04:22:36,246.2,246.2,0,0,0,50,100,27.13,37.3,0,34
08/13/2026,04:19:36,246.2,246.2,0,0,0,50,100,27.13,37.3,0,34
08/13/2026,04:16:36,246.2,246.2,0,0,0,50,100,27.13,37.3,0,34
08/13/2026,04:13:36,246.2,246.2,0,0,0,50,100,27.13,37.3,0,34
08/13/2026,04:10:36,244.8,246.2,0,0,0,50,100,27.13,37.3,0,34
08/13/2026,04:07:36,246.2,246.2,0,0,0,50,100,27.13,37.3,0,34
08/13/2026,04:04:36,246.2,247.6,0,0,0,50,100,27.13,37.3,0,34
08/13/2026,04:01:36,246.2,247.6,0,0,0,50.25,100,27.13,37.3,0,34
08/13/2026,03:58:36,246.2,247.6,0,0,0,50,100,27.13,37.3,0,34
08/13/2026,03:55:36,246.2,246.2,0,0,0,50,100,27.13,37.3,0,34
08/13/2026,03:52:36,244.8,246.2,0,0,0,50,100,27.13,37.3,0,34
08/13/2026,03:49:36,244.8,246.2,0,0,0,50,100,27.13,37.3,0,34
08/13/2026,03:46:36,246.2,246.2,0,0,0,50,100,27.13,37.3,0,34
08/13/2026,03:43:36,244.8,246.2,0,0,0,50,100,27.13,37.3,0,33
08/13/2026,03:40:36,244.8,246.2,0,0,0,50,100,27.13,37.3,0,33
08/13/2026,03:37:36,244.8,246.2,0,0,0,50,100,27.13,37.3,0,34
08/13/2026,03:34:36,244.8,246.2,0,0,0,50,100,27.13,37.3,0,34
08/13/2026,03:31:36,244.8,246.2,0,0,0,50,100,27.13,37.3,0,34
08/13/2026,03:28:36,244.8,244.8,0,0,0,50,100,27.13,37.3,0,34
08/13/2026,03:25:36,244.8,244.8,0,0,0,50,100,27.13,37.3,0,33
08/13/2026,03:22:36,244.8,244.8,0,0,0,50,100,27.13,37.3,0,33
08/13/2026,03:19:36,244.8,244.8,0,0,0,50,100,27.13,37.3,0,33
08/13/2026,03:16:36,244.8,244.8,0,0,0,50,100,27.13,37.3,0,33
08/13/2026,03:13:36,244.8,244.8,0,0,0,50,100,27.27,36.9,0,33
08/13/2026,03:10:36,244.8,244.8,0,0,0,50,100,27.13,36.9,0,33
08/13/2026,03:07:36,244.8,244.8,0,0,0,50,100,27.27,37.3,0,33
08/13/2026,03:04:36,244.8,244.8,0,0,0,50,100,27.27,37.3,0,33
08/13/2026,03:01:36,244.8,244.8,0,0,0,50,100,27.13,37.3,0,33
08/13/2026,02:58:36,244.8,244.8,0,0,0,50,100,27.13,37.3,0,33
08/13/2026,02:55:36,244.8,244.8,0,0,0,50,100,27.13,37.3,0,33
08/13/2026,02:52:36,244.8,244.8,0,0,0,50,100,27.13,37.3,0,33
08/13/2026,02:49:36,244.8,246.2,0,0,0,50,100,27.13,36.9,0,33
08/13/2026,02:46:36,244.8,246.2,0,0,0,50,100,27.27,37.3,0,33
08/13/2026,02:43:36,246.2,246.2,0,0,0,50,100,27.27,36.9,0,33
08/13/2026,02:40:36,246.2,246.2,0,0,0,50,100,27.27,36.9,0,33
08/13/2026,02:37:36,246.2,246.2,0,0,0,50,100,27.27,36.9,0,33
08/13/2026,02:34:36,246.2,246.2,0,0,0,50,100,27.27,36.9,0,33
08/13/2026,02:31:36,246.2,246.2,0,0,0,50,100,27.27,36.9,0,33
08/13/2026,02:28:36,246.2,247.6,0,0,0,50,100,27.27,36.9,0,33
08/13/2026,02:25:36,246.2,246.2,0,0,0,50,100,27.13,36.9,0,33
08/13/2026,02:22:36,246.2,246.2,0,0,0,50,100,27.13,37.3,0,33
08/13/2026,02:19:36,244.8,246.2,0,0,0,50,100,27.27,36.9,0,33
08/13/2026,02:16:36,244.8,244.8,0,0,0,50,100,27.27,36.9,0,33
08/13/2026,02:13:36,244.8,246.2,0,0,0,50,100,27.27,36.9,0,33
08/13/2026,02:10:36,244.8,244.8,0,0,0,50,100,27.27,36.9,0,33
08/13/2026,02:07:36,244.8,244.8,0,0,0,50,100,27.27,36.9,0,33
08/13/2026,02:04:36,244.8,244.8,0,0,0,50,100,27.27,36.9,0,33
08/13/2026,02:01:36,244.8,244.8,0,0,0,50,100,27.27,36.9,0,33
08/13/2026,01:58:36,243.3,244.8,0,0,0,50,100,27.27,36.9,0,33
08/13/2026,01:55:36,243.3,244.8,0,0,0,50,100,27.27,36.9,0,33
08/13/2026,01:52:36,243.3,243.3,0,0,0,50,100,27.27,36.9,0,33
08/13/2026,01:49:36,243.3,243.3,0,0,0,50,100,27.27,36.9,0,33
08/13/2026,01:46:36,243.3,243.3,0,0,0,50,100,27.27,36.9,0,33
08/13/2026,01:43:36,243.3,243.3,0,0,0,50,100,27.27,36.9,0,33
08/13/2026,01:40:36,243.3,243.3,0,0,0,50,100,27.27,36.9,0,33
08/13/2026,01:37:36,243.3,243.3,0,0,0,50,100,27.27,36.9,0,33
08/13/2026,01:34:36,243.3,243.3,0,0,0,50,100,27.27,36.9,0,33
08/13/2026,01:31:35,243.3,243.3,0,0,0,50,100,27.27,36.9,0,33
08/13/2026,01:28:35,243.3,243.3,0,0,0,50,100,27.27,36.9,0,33
08/13/2026,01:25:35,241.9,243.3,0,0,0,50,100,27.27,36.9,0,33
08/13/2026,01:22:35,240.4,241.9,0,0,0,50,100,27.27,36.9,0,33
08/13/2026,01:19:35,240.4,241.9,0,0,0,50,100,27.27,36.9,0,33
08/13/2026,01:16:35,240.4,241.9,0,0,0,50,100,27.27,36.9,0,33
08/13/2026,01:13:35,240.4,241.9,0,0,0,50,100,27.27,36.9,0,33
08/13/2026,01:10:35,240.4,240.4,0,0,0,50,100,27.27,36.9,0,33
08/13/2026,01:07:35,240.4,240.4,0,0,0,50,100,27.27,36.9,0,33
08/13/2026,01:04:35,240.4,240.4,0,0,0,50,100,27.27,36.9,0,33
08/13/2026,01:01:35,240.4,240.4,0,0,0,50,100,27.27,36.9,0,33
08/13/2026,00:58:35,240.4,240.4,0,0,0,50,100,27.27,36.9,0,33
08/13/2026,00:55:35,240.4,240.4,0,0,0,50,100,27.27,36.9,0,33
08/13/2026,00:52:35,240.4,240.4,0,0,0,50,100,27.27,36.9,0,33
08/13/2026,00:49:35,240.4,240.4,0,0,0,50,100,27.27,36.9,0,33
08/13/2026,00:46:35,240.4,240.4,0,0,0,50,100,27.27,36.9,0,33
08/13/2026,00:43:35,240.4,240.4,0,0,0,50,100,27.27,36.9,0,33
08/13/2026,00:40:35,240.4,240.4,0,0,0,50,100,27.27,36.9,0,33
08/13/2026,00:37:35,240.4,240.4,0,0,0,50,100,27.27,36.9,0,33
08/13/2026,00:34:35,239,240.4,0,0,0,50,100,27.27,36.9,0,33
08/13/2026,00:31:35,240.4,240.4,0,0,0,50,100,27.27,36.9,0,33
08/13/2026,00:28:35,239,240.4,0,0,0,50,100,27.27,36.9,0,33
08/13/2026,00:25:35,240.4,240.4,0,0,0,50,100,27.27,36.9,0,33
08/13/2026,00:22:35,240.4,240.4,0,0,0,50,100,27.27,36.9,0,33
08/13/2026,00:19:35,240.4,240.4,0,0,0,50,100,27.27,36.9,0,33
08/13/2026,00:16:35,239,240.4,0,0,0,50,100,27.27,36.9,0,33
08/13/2026,00:13:35,239,239,0,0,0,50,100,27.27,36.9,0,33
08/13/2026,00:10:35,239,239,0,0,0,50,100,27.27,36.9,0,33
08/13/2026,00:07:35,239,240.4,0,0,0,50,100,27.27,36.9,0,33
08/13/2026,00:04:35,239,240.4,0,0,0,50,100,27.27,36.9,0,33
08/13/2026,00:01:35,240.4,240.4,0,0,0,50,100,27.27,36.9,0,33
08/11/2026,00:01:05,244.8,246.2,0,0,0,50,100,27.27,36.9,0,34
